Country,ISO3,Economy,General,Governance,Infrastructure,Innovation,Talent,AI_Readiness_Score,Global_Rank,CountryKey,Region,IsLatAm,IsPeru
United States,USA,100.0,100.0,86.32408013408374,91.70825008386532,82.74127126230977,75.25773195876288,89.33855557317027,1,216,Other Regions,False,False
Kosovo,KSV,,,85.19099893837532,76.56565320337852,,,80.87832607087691,2,108,Other Regions,False,False
Cabo Verde,CPV,,,77.3726083056925,72.15474849851606,,,74.76367840210428,3,32,Other Regions,False,False
Cyprus,CYP,,,78.9548162350984,83.93378035311932,0.6195165622202328,70.61855670103091,58.53166746286722,4,51,Other Regions,False,False
China,CHN,48.0,53.06122448979592,56.80866270238795,65.85660769775134,77.0,35.81443298969072,56.090154646604326,5,40,Other Regions,False,False
Turkey,TUR,,,81.24770787297881,78.7095086717585,5.894359892569382,48.96907216494846,53.705162150563794,6,208,Other Regions,False,False
North Macedonia,MKD,,,35.532646134213444,79.78717572465158,0.1289167412712623,93.81443298969072,52.31579289745675,7,151,Other Regions,False,False
Vanuatu,VUT,,,40.909809749732815,63.36815108443054,,,52.13898041708168,8,221,Other Regions,False,False
Kazakhstan,KAZ,,,37.09112335528352,89.1576030065414,0.4010743061772605,75.77319587628867,50.60574913607271,9,105,Other Regions,False,False
St. Kitts And Nevis,KNA,,,28.164044046425047,30.487537697298663,,84.5360824742268,47.7292214059835,10,190,Other Regions,False,False
Tonga,TON,,,33.68676510085201,17.439683854395955,,91.75257731958764,47.62634209161187,11,205,Other Regions,False,False
United Kingdom,GBR,25.0,28.57142857142857,79.75667257942746,61.211475469880575,20.407788719785135,59.807560137457045,45.79248757966312,12,215,Other Regions,False,False
Uganda,UGA,,,28.183216565666623,88.97612088131461,0.0393912264995523,56.70103092783505,43.47493990032896,13,212,Other Regions,False,False
Belarus,BLR,,,28.488028245924585,76.2519226347313,0.0787824529991047,68.04123711340205,43.21499261176426,14,17,Other Regions,False,False
Ecuador,ECU,,,30.77088151632943,86.98324134185265,0.6517457475380484,54.12371134020619,43.13239498648158,15,58,Latin America & Caribbean,True,False
Uzbekistan,UZB,,,44.43056160322232,98.2466020278476,0.0823634735899731,28.350515463917528,42.77751064214436,16,220,Other Regions,False,False
Albania,ALB,,,39.50227302522836,93.24562819850554,0.0107430617726051,38.144329896907216,42.72574354560343,17,2,Other Regions,False,False
Cambodia,KHM,,,28.844600628301052,69.86474343011321,0.0143240823634735,72.16494845360825,42.722154148596495,18,33,Other Regions,False,False
Panama,PAN,,,32.64571923959581,81.13874982015496,0.0214861235452103,48.96907216494845,40.69375683706111,19,158,Latin America & Caribbean,True,False
Bhutan,BTN,,,29.94593576645605,81.42994443840543,0.0035810205908683,50.0,40.34486530636309,20,22,Other Regions,False,False
Japan,JPN,13.0,18.367346938775512,59.792917059885326,71.46466229212535,10.367054610564011,68.57388316151203,40.26097734381037,21,102,Other Regions,False,False
Costa Rica,CRI,,,38.809303676089336,81.24911714558927,0.0752014324082363,40.20618556701031,40.084951955274285,22,46,Latin America & Caribbean,True,False
Moldova,MDA,,,35.45282199865724,83.67300737771613,0.0035810205908683,,39.70980346565475,23,133,Other Regions,False,False
Marshall Islands,MHL,,,11.19535786353388,9.288273878604167,,97.42268041237114,39.30210405150306,24,127,Other Regions,False,False
Canada,CAN,23.0,24.489795918367346,71.76835609699144,58.47795240977014,12.767681289167411,42.343642611683855,38.807904720996696,25,35,Other Regions,False,False
Angola,AGO,,,59.01393009453769,57.15629858037945,0.0071620411817367,,38.725796905366295,26,5,Other Regions,False,False
Tanzania,TZA,,,31.836447397026305,84.16280331135654,0.0537153088630259,,38.68432200574862,27,201,Other Regions,False,False
Georgia,GEO,,,31.64703053911545,69.53452080019024,0.4046553267681289,53.09278350515464,38.66974754280712,28,75,Other Regions,False,False
Eswatini,SWZ,,,45.46303619806836,68.65487506826628,0.0,,38.03930375544488,29,64,Other Regions,False,False
Saudi Arabia,SAU,21.0,18.367346938775512,63.226767309544776,60.954681002964605,3.2547000895255147,60.78350515463918,37.931166749241605,30,174,Other Regions,False,False
Samoa,WSM,,,34.60543082737398,41.00171397706103,,,37.80357240221751,31,172,Other Regions,False,False
Cote D'Ivoire,CIV,,,23.43327225613517,71.57338828437463,0.0071620411817367,56.18556701030928,37.7998473980002,32,47,Other Regions,False,False
India,IND,14.000000000000002,22.448979591836736,65.67073736310336,56.05301331187736,21.84870188003581,45.27147766323024,37.548818301680576,33,93,Other Regions,False,False
Singapore,SGP,27.0,30.612244897959183,62.35662357544038,72.33118992605971,14.625335720680392,17.560137457044675,37.41425526286405,34,179,Other Regions,False,False
Australia,AUS,11.0,16.3265306122449,57.49361590192861,60.60606060606061,21.184422560429724,57.21305841924399,37.30394801665131,35,10,Other Regions,False,False
Cameroon,CMR,,,13.952661632702766,36.64299977604731,0.0572963294538943,97.93814432989691,37.14777551702522,36,34,Other Regions,False,False
Papua New Guinea,PNG,,,54.44991312286058,56.848302833422416,0.0,,37.099405318761,37,159,Other Regions,False,False
El Salvador,SLV,,,27.04399411670769,83.78984818926676,0.0071620411817367,,36.94700144905207,38,60,Latin America & Caribbean,True,False
Dominican Republic,DOM,,,47.17354542615768,75.98561164808407,0.0143240823634735,24.226804123711343,36.850071320079145,39,56,Latin America & Caribbean,True,False
Sweden,SWE,12.0,14.285714285714285,62.0996901521467,55.25888349569672,5.416293643688452,71.98969072164948,36.84171204981594,40,195,Other Regions,False,False
Paraguay,PRY,,,29.45878154244641,66.99431362244121,0.0250671441360787,48.453608247422686,36.23294263911159,41,160,Latin America & Caribbean,True,False
Grenada,GRD,,,29.965486428673703,42.43523567137814,,,36.20036105002592,42,81,Other Regions,False,False
Mongolia,MNG,,,35.48625467174187,72.42414655224188,0.0214861235452103,,35.97729578250965,43,135,Other Regions,False,False
Venezuela,VEN,,,33.627143103040694,39.960979472126496,0.1074306177260519,70.10309278350516,35.9496614940996,44,223,Latin America & Caribbean,True,False
Finland,FIN,13.0,17.346938775510203,59.69692529624906,53.35830480508217,5.497314234556849,65.1168384879725,35.66938693322846,45,68,Other Regions,False,False
Israel,ISR,29.0,24.489795918367346,41.69206968474816,48.128846718739965,9.332587287376905,59.85910652920963,35.417067689740335,46,99,Other Regions,False,False
Netherlands,NLD,10.0,18.367346938775512,75.88934808964109,67.35438158599467,7.325872873769024,31.37800687285224,35.05249272683876,47,144,Other Regions,False,False
Brunei Darussalam,BRN,,,53.27679949737833,51.48902341849085,0.0608773500447627,,34.94223342197132,48,28,Other Regions,False,False
Liechtenstein,LIE,,,55.11086014769327,49.06494609138953,0.0071620411817367,,34.727656093421515,49,117,Other Regions,False,False
Bahamas,BHS,,,49.82612890466464,53.639100155494624,0.0,,34.48840968671976,50,13,Latin America & Caribbean,True,False
Andorra,AND,,,38.4692752786971,45.34604057453873,0.0035810205908683,54.123711340206185,34.48565205350822,51,4,Other Regions,False,False
Norway,NOR,11.0,14.285714285714285,65.63618049354496,55.24597696621609,4.459713518352731,55.18213058419244,34.30161930800342,52,153,Other Regions,False,False
Denmark,DNK,9.0,14.285714285714285,67.55986798262103,58.13424627970289,4.246642793196061,51.7147766323024,34.15687466225611,53,53,Other Regions,False,False
Fiji,FJI,,,55.97423337426378,45.88470571550824,0.0537153088630259,,33.97088479954501,54,67,Other Regions,False,False
Kuwait,KWT,,,34.75361830766763,74.14366162451948,0.1790510295434198,26.804123711340207,33.97011366826768,55,109,Other Regions,False,False
France,FRA,19.0,26.53061224489796,68.11774383658431,57.80948738998866,13.624888093106534,18.29896907216495,33.89695010612374,56,69,Other Regions,False,False
Germany,DEU,17.0,25.51020408163265,76.6176353192074,54.85409473065694,15.07430617726052,13.384879725085913,33.74018667230724,57,76,Other Regions,False,False
Trinidad And Tobago,TTO,,,18.752898678163454,52.66847013749049,0.0107430617726051,62.886597938144334,33.57967745389272,58,206,Latin America & Caribbean,True,False
South Korea,KOR,14.000000000000002,25.51020408163265,60.12133332360391,70.56557077788614,11.236794986571171,20.0,33.57231719494898,59,186,Other Regions,False,False
Botswana,BWA,,,18.659585548648035,36.03525917050695,0.0250671441360787,77.83505154639175,33.1387408524207,60,25,Other Regions,False,False
Togo,TGO,,,20.97031945519772,78.1956149054076,0.0071620411817367,,33.05769880059569,61,204,Other Regions,False,False
Barbados,BRB,,,13.10243547480682,27.61650918570841,0.0,89.69072164948454,32.602416577499945,62,16,Latin America & Caribbean,True,False
Italy,ITA,5.0,14.285714285714285,70.18883515630776,57.734664235512994,7.920769919427038,39.69759450171821,32.47126301644672,63,100,Other Regions,False,False
Zambia,ZMB,,,25.159976394680587,72.1847024039272,0.0322291853178155,,32.458969327975204,64,226,Other Regions,False,False
Nepal,NPL,,,23.741492252977327,52.32558117779654,0.0752014324082363,52.577319587628864,32.17989861270274,65,143,Other Regions,False,False
Spain,ESP,7.000000000000001,16.3265306122449,63.85399338143891,60.09421278940009,7.008952551477171,37.96907216494845,32.04212691658491,66,188,Other Regions,False,False
Hong Kong,HKG,15.0,17.346938775510203,37.92307540599357,54.5145982273128,9.523276633840643,54.81786941580756,31.520959743077466,67,90,Other Regions,False,False
Honduras,HND,,,19.941451672534267,66.10669764460523,0.0,39.69072164948453,31.43471774165601,68,89,Latin America & Caribbean,True,False
Luxembourg,LUX,8.0,15.306122448979592,56.83325412920005,60.35289115152101,4.666517457475381,42.97422680412371,31.355501998549958,69,119,Other Regions,False,False
Monaco,MCO,,,35.98426606281825,57.678929682037705,0.0,,31.22106524828532,70,134,Other Regions,False,False
Ireland,IRL,12.0,14.285714285714285,64.61089774273357,57.64822664078943,3.2591763652641004,31.48109965635739,30.54751911514313,71,97,Other Regions,False,False
Switzerland,CHE,12.0,18.367346938775512,50.47201809477489,60.87469270430007,10.98209489704566,30.0,30.44935877248269,72,196,Other Regions,False,False
Portugal,PRT,7.000000000000001,11.224489795918368,60.31455868781893,57.44905742600734,3.328558639212176,42.16494845360825,30.246935500427515,73,165,Other Regions,False,False
Cuba,CUB,,,42.75579704124535,46.797916285850434,0.1181736794986571,,29.890629002198143,74,49,Latin America & Caribbean,True,False
Palestine,PSE,,,38.28882874295682,51.22719686734407,0.1468218442256043,,29.88761581817549,75,157,Other Regions,False,False
Estonia,EST,13.0,10.20408163265306,63.20185370954782,58.916124965768,2.177260519247985,31.52233676975945,29.836942932829388,76,63,Other Regions,False,False
Montenegro,MNE,,,25.959950176520227,62.60873258309496,0.0179051029543419,,29.52886262085651,77,136,Other Regions,False,False
Malaysia,MYS,4.0,8.16326530612245,50.068931823684544,58.280692130682,3.781110116383169,52.53608247422681,29.471680308516497,78,123,Other Regions,False,False
Russia,RUS,5.0,10.20408163265306,63.98701749861572,57.37188679655665,4.568934646374217,33.292096219931274,29.07066946568848,79,170,Other Regions,False,False
Taiwan,TWN,5.0,14.285714285714285,43.36322971552143,62.15156361643973,5.58325872873769,41.12371134020618,28.58457961443655,80,199,Other Regions,False,False
Dominica,DMA,,,31.54966203393951,24.987843504034423,,,28.268752768986964,81,55,Other Regions,False,False
Belgium,BEL,9.0,12.244897959183673,46.9990567209512,51.69080402555285,4.068934646374217,44.16494845360825,28.02810696761169,82,18,Other Regions,False,False
Austria,AUT,6.0,11.224489795918368,53.314570604477765,57.32108446347627,5.482990152193375,34.81958762886598,28.02712044082196,83,11,Other Regions,False,False
Sierra Leone,SLE,,,15.236298323623055,46.67260007195672,0.0035810205908683,46.90721649484536,27.204923977754,84,178,Other Regions,False,False
Kiribati,KIR,,,24.684015748895487,29.208313228419208,,,26.946164488657345,85,107,Other Regions,False,False
Czechia,CZE,4.0,9.183673469387756,52.9321565347048,53.878873420878016,2.8415398388540734,37.69759450171822,26.75563962759048,86,52,Other Regions,False,False
Iceland,ISL,8.0,8.16326530612245,43.29948682781525,66.10678826282772,2.0590868397493285,29.81443298969073,26.24051003770091,87,92,Other Regions,False,False
United Arab Emirates,ARE,13.0,15.306122448979592,56.08515491654127,59.87887611202189,6.2752909579230085,6.0,26.09090740591096,88,214,Other Regions,False,False
Hungary,HUN,5.0,8.16326530612245,48.57166370214138,52.46788457595476,1.4798567591763652,39.79037800687285,25.912174725044636,89,91,Other Regions,False,False
Senegal,SEN,,,29.144466898554743,48.34685686991229,0.0572963294538943,,25.84954003264031,90,175,Other Regions,False,False
Poland,POL,4.0,9.183673469387756,48.07388230944643,49.80137893569611,3.240376007162041,40.09278350515464,25.73201570447449,91,164,Other Regions,False,False
Egypt,EGY,2.0,6.122448979591836,44.48113469499019,50.98804062276388,2.290957923008057,47.02749140893471,25.48501227154811,92,59,Other Regions,False,False
Bolivia,BOL,,,19.88733646089202,58.77446430499175,0.0107430617726051,23.1958762886598,25.467105029079043,93,23,Latin America & Caribbean,True,False
Kyrgyzstan,KGZ,,,26.922859195524463,49.15469555063828,0.0071620411817367,25.773195876288657,25.46447816590829,94,110,Other Regions,False,False
Brazil,BRA,7.000000000000001,10.20408163265306,55.92478348722479,60.070258018200335,4.622649955237243,14.309278350515465,25.355175240638484,95,26,Latin America & Caribbean,True,False
Vietnam,VNM,2.0,5.1020408163265305,41.44793819347449,53.62269391057508,1.7211280214861235,47.70446735395189,25.26637804930235,96,224,Other Regions,False,False
Rwanda,RWA,2.0,4.081632653061225,42.14407609092165,41.33294389608891,0.0107430617726051,61.83505154639175,25.23407454137269,97,171,Other Regions,False,False
Lithuania,LTU,3.0,7.142857142857142,47.1488197319086,55.40288359959301,1.134288272157565,36.70790378006873,25.08945875443084,98,118,Other Regions,False,False
Uruguay,URY,2.0,6.122448979591836,51.4948365624633,52.57337477006995,0.0572963294538943,38.09278350515464,25.056790024455605,99,219,Latin America & Caribbean,True,False
Thailand,THA,2.0,7.142857142857142,46.20731876553417,57.67677100290055,1.445389435989257,35.707903780068726,25.030040021224973,100,202,Other Regions,False,False
Slovenia,SVN,5.0,9.183673469387756,58.322585252815166,52.482527781463446,2.7649955237242616,22.04123711340206,24.96583652346545,101,181,Other Regions,False,False
Bosnia And Herzegovina,BIH,,,42.79194462416135,31.46181606730479,0.1647269471799463,,24.80616254621536,102,24,Other Regions,False,False
Guinea,GIN,,,17.48229997344156,56.81949020735549,0.0,,24.76726339359902,103,85,Other Regions,False,False
Greece,GRC,7.000000000000001,7.142857142857142,36.13099279391393,55.6592942383341,3.6960608773500447,37.35395189003436,24.497192823748264,104,79,Other Regions,False,False
Bangladesh,BGD,0.0,3.061224489795918,44.54076205107396,49.72914676313948,1.3809310653536258,47.4020618556701,24.35235437083885,105,15,Other Regions,False,False
Mauritania,MRT,,,36.81819909535562,36.025025075403946,0.0,,24.281074723586524,106,129,Other Regions,False,False
Timor-Leste,TLS,,,40.48712552784136,32.22200165803566,0.0035810205908683,,24.23756940215597,107,203,Other Regions,False,False
St. Vincent And The Grenadines,VCT,,,33.2790335039681,38.95223820782473,0.0,,24.07709057059761,108,192,Other Regions,False,False
Chile,CHL,6.0,9.183673469387756,51.05592375927071,58.37329752857119,0.8706356311548792,16.78694158075601,23.71174532819009,109,39,Latin America & Caribbean,True,False
Serbia,SRB,1.0,5.1020408163265305,38.02103471494765,57.56220887584946,1.4082363473589974,38.75945017182131,23.64216182105066,110,176,Other Regions,False,False
New Zealand,NZL,4.0,7.142857142857142,35.69785989653249,58.04860960265788,2.628469113697404,34.26116838487973,23.62982735677077,111,146,Other Regions,False,False
Madagascar,MDG,,,37.23093120532322,32.52638647198561,0.0071620411817367,,23.254826572830197,112,121,Other Regions,False,False
Qatar,QAT,0.0,6.122448979591836,39.15780425824805,53.85823410491509,1.8187108325872876,38.446735395189,23.23398892842188,113,167,Other Regions,False,False
Croatia,HRV,16.0,7.142857142857142,30.63198096198182,45.46751340409345,1.2291853178155774,38.42611683848798,23.149608944205998,114,48,Other Regions,False,False
Ukraine,UKR,2.0,6.122448979591836,50.98363562911288,50.22540106411042,1.0872873769024172,27.78350515463917,23.033713034059456,115,213,Other Regions,False,False
Liberia,LBR,,,12.297091084326397,39.38815078882048,0.0035810205908683,40.20618556701031,22.97375211518701,116,115,Other Regions,False,False
Slovakia,SVK,4.0,4.081632653061225,35.87971461541946,48.14660448861896,1.3115487914055506,43.22680412371134,22.77438411203609,117,180,Other Regions,False,False
Burkina Faso,BFA,,,15.565385660729753,52.70240916585763,0.0035810205908683,,22.757125282392757,118,30,Other Regions,False,False
Suriname,SUR,,,31.875212837660957,36.06294922672711,0.0,,22.646054021462685,119,194,Latin America & Caribbean,True,False
Malta,MLT,6.0,10.20408163265306,58.714674157734855,52.944814422866585,1.5590868397493285,6.0,22.570442842167303,120,126,Other Regions,False,False
Argentina,ARG,2.0,7.142857142857142,43.24037138202819,42.1748603200419,0.7309758281110117,39.79037800687285,22.51324044665185,121,8,Latin America & Caribbean,True,False
Ghana,GHA,3.0,3.061224489795918,24.68727379266304,42.203263793967714,0.0698299015219337,59.439862542955325,22.076909086817324,122,77,Other Regions,False,False
Lebanon,LBN,,,11.03106544541337,27.66678160534597,0.3366159355416294,48.453608247422686,21.872017808430915,123,113,Other Regions,False,False
Mozambique,MOZ,,,14.405439352391404,50.943454472963744,0.0107430617726051,,21.786545629042585,124,139,Other Regions,False,False
Kenya,KEN,3.0,2.0408163265306123,31.49676008903985,41.87201157473076,0.0662488809310653,51.5360824742268,21.668653224243183,125,106,Other Regions,False,False
Seychelles,SYC,,,34.541897473822935,30.356215734724767,0.0035810205908683,,21.633898076379523,126,177,Other Regions,False,False
Nigeria,NGA,1.0,3.061224489795918,26.00164526477853,32.2400629375399,0.8724261414503134,65.96907216494846,21.52407183308552,127,149,Other Regions,False,False
Romania,ROU,1.0,6.122448979591836,44.3303279405657,44.55626789793756,1.3146821844225605,31.563573883161517,21.481216814279865,128,169,Other Regions,False,False
St. Lucia,LCA,,,18.634361180328483,24.14993866091261,,,21.392149920620547,129,191,Other Regions,False,False
Peru,PER,1.0,5.1020408163265305,41.25411803231356,55.18606225744779,0.2094897045658012,23.32646048109965,21.01302854862556,130,161,Latin America & Caribbean,True,True
Macau,MAC,,,39.55749231052972,21.918529814655045,0.64816472694718,,20.70806228404398,131,120,Other Regions,False,False
Bulgaria,BGR,1.0,6.122448979591836,38.9714200939806,41.61722374866208,1.2381378692927485,34.98969072164948,20.656486902196125,132,29,Other Regions,False,False
Indonesia,IDN,4.0,7.142857142857142,37.63850885616068,48.0769891889021,5.779319606087736,20.5360824742268,20.528959544705742,133,94,Other Regions,False,False
Jamaica,JAM,,,22.587852854279745,52.48124419654775,0.0429722470904207,6.18556701030928,20.3244090770568,134,101,Latin America & Caribbean,True,False
Armenia,ARM,6.0,4.081632653061225,23.14748560146282,43.820254410952536,0.0125335720680393,44.24742268041237,20.21822148632616,135,9,Other Regions,False,False
Jordan,JOR,1.0,5.1020408163265305,38.47630832575008,55.16009678222704,1.9082363473589972,19.56701030927836,20.2022820968235,136,104,Other Regions,False,False
Dr Congo,COD,,,13.02971160241878,47.4396146292554,0.0,,20.156442077224728,137,57,Other Regions,False,False
North Korea,PRK,,,0.0,1.121278891439817,0.0107430617726051,79.38144329896906,20.12836631304537,138,150,Other Regions,False,False
Belize,BLZ,,,13.400038675854006,46.7513483467072,0.0,,20.05046234085373,139,19,Latin America & Caribbean,True,False
Colombia,COL,1.0,6.122448979591836,40.74213518536474,52.94187372453317,0.5174574753804834,18.848797250859107,20.028785435954887,140,43,Latin America & Caribbean,True,False
Guyana,GUY,,,17.733915340385337,41.64416070036384,0.0,,19.79269201358306,141,87,Latin America & Caribbean,True,False
Mexico,MEX,3.0,7.142857142857142,40.367930632133,48.96609918625384,1.4811996418979407,17.453608247422682,19.735282475094102,142,131,Latin America & Caribbean,True,False
Laos,LAO,,,14.797010374318818,44.353314640050776,0.0071620411817367,,19.719162351850443,143,111,Other Regions,False,False
Maldives,MDV,,,35.310464919498834,23.33098653870368,0.0035810205908683,,19.548344159597796,144,124,Other Regions,False,False
Azerbaijan,AZE,0.0,2.0408163265306123,28.08503945016965,47.37484376648332,0.1450313339301701,35.707903780068726,18.892272442863742,145,12,Other Regions,False,False
Myanmar,MMR,,,15.532056896582189,48.49978830203639,0.0823634735899731,11.340206185567013,18.863603714443894,146,140,Other Regions,False,False
Latvia,LVA,1.0,3.061224489795918,38.40861338851633,52.99452225034638,1.0662488809310653,16.099656357388316,18.771710894496334,147,112,Other Regions,False,False
Guatemala,GTM,,,19.483248430746468,35.94373230900082,0.0071620411817367,19.587628865979383,18.7554429117271,148,84,Latin America & Caribbean,True,False
Lesotho,LSO,,,12.256393364900008,42.68160233374786,0.0035810205908683,,18.313858906412914,149,114,Other Regions,False,False
São Tomé and Principe,STP,,,17.888823738484746,18.388330212900986,,,18.138576975692864,150,198,Other Regions,False,False
Antigua and Barbuda,ATG,,,18.575816632017347,17.55886335312735,,,18.06733999257235,151,7,Other Regions,False,False
Sri Lanka,LKA,2.0,2.0408163265306123,23.35136281639056,39.79713822966589,0.3509400179051029,40.5085910652921,18.008141409297377,152,189,Other Regions,False,False
Tunisia,TUN,2.0,3.061224489795918,24.991208150038297,46.76351698494764,1.612354521038496,29.512027491408933,17.990055272871547,153,207,Other Regions,False,False
Philippines,PHL,1.0,4.081632653061225,45.46906171416993,46.90589956774655,0.5192479856759177,7.893470790378007,17.644885451838604,154,162,Other Regions,False,False
Zimbabwe,ZWE,,,18.400663603073465,33.678199263257405,0.0107430617726051,,17.363201976034492,155,227,Other Regions,False,False
Pakistan,PAK,1.0,3.061224489795918,26.90035986392385,37.57463674457118,2.0398388540734107,31.91752577319588,17.08226428759337,156,155,Other Regions,False,False
Ethiopia,ETH,1.0,0.0,17.991298067398937,34.33464069064987,0.0716204118173679,48.44329896907217,16.973476356489723,157,65,Other Regions,False,False
Bahrain,BHR,7.000000000000001,5.1020408163265305,30.577287591465137,55.72798918196448,1.037600716204118,2.0,16.907486384326713,158,14,Other Regions,False,False
Mauritius,MUS,8.0,5.1020408163265305,29.335305023862645,56.46238647074588,0.544762757385855,1.0,16.740749178053484,159,130,Other Regions,False,False
Tajikistan,TJK,,,15.888961809831066,33.502236439777214,0.0071620411817367,,16.466120096930005,160,200,Other Regions,False,False
Malawi,MWI,,,12.3184973466464,36.52894667961613,0.0071620411817367,,16.28486868914809,161,122,Other Regions,False,False
Comoros,COM,,,17.821394619699316,30.980252312540664,0.0,,16.267215644079993,162,44,Other Regions,False,False
Eritrea,ERI,,,0.761976238204,0.0,0.0,62.88659793814433,15.912143544087082,163,62,Other Regions,False,False
Libya,LBY,,,10.000320949843642,37.4465726913556,0.0644583706356311,,15.837117337278292,164,116,Other Regions,False,False
Algeria,DZA,0.0,2.0408163265306123,19.314128291799044,36.23242731949403,1.212623097582811,35.37457044673539,15.695760913690316,165,3,Other Regions,False,False
Palau,PLW,,,19.83283694131745,11.385263752997425,,,15.609050347157435,166,156,Other Regions,False,False
Namibia,NAM,,,18.601848433690808,28.094087817516534,0.0035810205908683,,15.566505757266071,167,141,Other Regions,False,False
Oman,OMN,0.0,4.081632653061225,33.12007885913949,50.08810774809406,0.6342882721575649,4.457044673539519,15.396858700998642,168,154,Other Regions,False,False
Gabon,GAB,,,9.055780646337288,35.293745658227245,0.0,,14.783175434854844,169,73,Other Regions,False,False
Mali,MLI,,,11.213202788560494,33.108195714065744,0.0071620411817367,,14.77618684793599,170,125,Other Regions,False,False
South Africa,ZAF,6.0,3.061224489795918,31.18560892099648,38.78970360642818,1.1947179946284692,8.226804123711341,14.743009855926733,171,184,Other Regions,False,False
Guinea-Bissau,GNB,,,16.882344807177862,27.227389057825253,0.0,,14.703244621667706,172,86,Other Regions,False,False
Iran,IRN,0.0,5.1020408163265305,35.08454059478692,34.02808368514795,5.023724261414503,3.0,13.706398226279315,173,95,Other Regions,False,False
Solomon Islands,SLB,,,25.341274618398018,1.3963085038969056,,,13.36879156114746,174,182,Other Regions,False,False
Benin,BEN,1.0,3.061224489795918,37.28472192645354,38.23935353387189,0.0035810205908683,0.0,13.264813495118704,175,20,Other Regions,False,False
Nauru,NRU,,,12.968897885757949,13.288701203525836,,,13.128799544641891,176,142,Other Regions,False,False
Nicaragua,NIC,,,31.80216832809141,13.875646816172118,0.0,5.6701030927835046,12.83697955926176,177,147,Latin America & Caribbean,True,False
Burundi,BDI,,,14.171489345552102,36.02390250555718,0.0035810205908683,0.5154639175257731,12.678609197306482,178,31,Other Regions,False,False
San Marino,SMR,,,21.68337312820669,15.788888766237738,0.0,,12.490753964814807,179,173,Other Regions,False,False
Morocco,MAR,0.0,2.0408163265306123,25.195349672343827,30.668029636546976,1.284243509400179,11.309278350515465,11.749619582556177,180,138,Other Regions,False,False
Equatorial Guinea,GNQ,,,11.695737409194198,11.563255220557838,,,11.629496314876018,181,61,Other Regions,False,False
Tuvalu,TUV,,,11.457922679253214,9.702389895075262,,,10.580156287164238,182,211,Other Regions,False,False
Djibouti,DJI,,,16.0895606162184,15.147527193786797,0.0,,10.412362603335064,183,54,Other Regions,False,False
Congo Republic,COG,,,15.670130944416494,15.259728049970816,0.0,,10.309952998129104,184,45,Other Regions,False,False
Gambia,GMB,,,7.649993710770662,22.942558662226016,0.0,,10.19751745766556,185,74,Other Regions,False,False
Iraq,IRQ,1.0,2.0408163265306123,24.891231796787554,24.628494627731275,1.0908683974932856,2.7388316151202745,9.398373793943836,186,96,Other Regions,False,False
French Southern Territories,ATF,,,,,,8.762886597938145,8.762886597938145,187,72,Other Regions,False,False
Sudan,SDN,,,13.397028631583414,19.943669445089395,0.1074306177260519,0.5154639175257731,8.490898152981158,188,193,Other Regions,False,False
United States Minor Outlying Islands,UMI,,,,,,8.24742268041237,8.24742268041237,189,217,Other Regions,False,False
Central African Republic,CAF,,,6.204839868122085,15.609876294673825,0.0,,7.271572054265303,190,37,Other Regions,False,False
Niger,NER,,,7.732114217213457,13.233077867618698,0.0035810205908683,,6.989591035141007,191,148,Other Regions,False,False
Micronesia,FSM,,,7.685576667147134,4.996128069503528,,,6.340852368325331,192,132,Other Regions,False,False
Chad,TCD,,,5.025570326868121,13.73849623162657,0.0,,6.254688852831563,193,38,Other Regions,False,False
Yemen,YEM,,,6.182605859409379,9.735318610580329,0.1181736794986571,6.701030927835051,5.684282269330854,194,225,Other Regions,False,False
Turkmenistan,TKM,,,4.8993123828901775,10.18956649907322,0.0,,5.0296262939878,195,209,Other Regions,False,False
Somalia,SOM,,,3.133406040620079,11.334194843325724,0.0107430617726051,,4.826114648572802,196,183,Other Regions,False,False
South Sudan,SSD,,,5.167260719921351,3.600362141032566,,,4.383811430476959,197,187,Other Regions,False,False
Haiti,HTI,,,4.885671129638669,7.0716474591847645,0.0,,3.9857728629411446,198,88,Latin America & Caribbean,True,False
Cocos (Keeling) Islands,CCK,,,,,,3.608247422680413,3.608247422680413,199,42,Other Regions,False,False
Syria,SYR,,,4.28149866155028,3.234797270433993,0.0322291853178155,,2.516175039100696,200,197,Other Regions,False,False
Afghanistan,AFG,,,3.9817160351327736,0.5272149285325232,0.0035810205908683,,1.5041706614187216,201,1,Other Regions,False,False
Puerto Rico,PRI,,,,,0.0501342882721575,,0.0501342882721575,202,166,Other Regions,False,False
Reunion,REU,,,,,0.0214861235452103,,0.0214861235452103,203,168,Other Regions,False,False
French Polynesia,PYF,,,,,0.0107430617726051,,0.0107430617726051,204,71,Other Regions,False,False
Guadeloupe,GLP,,,,,0.0071620411817367,,0.0071620411817367,205,82,Other Regions,False,False
Faroe Islands,FRO,,,,,0.0035810205908683,,0.0035810205908683,206,66,Other Regions,False,False
Guam,GUM,,,,,0.0035810205908683,,0.0035810205908683,206,83,Other Regions,False,False
Cayman Islands,CYM,,,,,0.0,,0.0,207,36,Other Regions,False,False
Martinique,MTQ,,,,,0.0,,0.0,207,128,Other Regions,False,False
French Guiana,GUF,,,,,0.0,,0.0,207,70,Other Regions,False,False
Bermuda,BMU,,,,,0.0,,0.0,207,21,Other Regions,False,False
New Caledonia,NCL,,,,,0.0,,0.0,207,145,Other Regions,False,False
South Georgia and South Sandwich Is.,SGS,,,,,0.0,,0.0,207,185,Other Regions,False,False
Montserrat,MSR,,,,,0.0,,0.0,207,137,Other Regions,False,False
United States Virgin Islands,VIR,,,,,0.0,,0.0,207,218,Other Regions,False,False
Turks and Caicos Islands,TCA,,,,,0.0,,0.0,207,210,Other Regions,False,False
Vatican,VAT,,,,,0.0,,0.0,207,222,Other Regions,False,False
